id,name,category,description
1,Smartphone,Electronics,Latest model of smartphone.
2,Laptop,Electronics,High-performance laptop for gaming.
3,Fitness Tracker,Fitness,Track your health and fitness goals.
4,Smartwatch,Electronics,Wearable smartwatch for health monitoring.
5,Tablet,Electronics,Portable tablet for entertainment and productivity.
6,Bluetooth Headphones,Electronics,Wireless headphones with noise cancellation.
7,4K Television,Electronics,Ultra HD television for cinematic viewing experience.
8,Electric Kettle,Home Appliances,Quick-boil electric kettle with temperature settings.
9,Air Purifier,Home Appliances,HEPA air purifier for cleaner indoor air.
10,Coffee Maker,Home Appliances,Automatic coffee maker for the perfect brew.
60,Ski Equipment,Sporting Goods,Complete ski set for winter sports.
12,Advanced Machine,Furniture,Built for durability.
13,Durable Tool,Fitness,Top choice for enthusiasts.
14,Eco-Friendly Tool,Electronics,A blend of style and functionality.
15,Innovative Gadget,Furniture,A blend of style and functionality.
16,Compact Appliance,Furniture,An essential for your home.
17,Durable Accessory,Fitness,Perfect for daily use.
18,Innovative Appliance,Sporting Goods,Recommended by experts.
19,Smart Item,Home Appliances,Built for durability.
20,Innovative Equipment,Health & Personal Care,Top choice for enthusiasts.
21,Compact Appliance,Sporting Goods,A blend of style and functionality.
22,Reliable Machine,Fitness,Top choice for enthusiasts.
23,Smart Item,Health & Personal Care,Perfect for daily use.
24,Smart Gadget,Electronics,Perfect for daily use.
25,Innovative Gadget,Sporting Goods,Compact and versatile.
26,Stylish Appliance,Sporting Goods,Top choice for enthusiasts.
27,Advanced Machine,Sporting Goods,An essential for your home.
28,Innovative Tool,Sporting Goods,Efficient and reliable.
29,Smart Tool,Accessories,A blend of style and functionality.
30,Premium Device,Furniture,Designed for modern lifestyles.
31,Stylish Device,Furniture,Recommended by experts.
32,Premium Equipment,Kitchen,A blend of style and functionality.
33,Reliable Machine,Health & Personal Care,Designed for modern lifestyles.
34,Compact Appliance,Furniture,Compact and versatile.
35,Stylish Appliance,Fitness,An essential for your home.
36,Compact Accessory,Fitness,Efficient and reliable.
37,Stylish Appliance,Fitness,Top choice for enthusiasts.
38,High-Quality Gadget,Health & Personal Care,Compact and versatile.
39,Advanced Accessory,Fitness,Recommended by experts.
40,Compact Appliance,Health & Personal Care,Recommended by experts.
41,Advanced Gadget,Kitchen,Efficient and reliable.
42,Innovative Item,Accessories,Top choice for enthusiasts.
43,Durable Accessory,Health & Personal Care,Compact and versatile.
44,Eco-Friendly Machine,Accessories,A blend of style and functionality.
45,Stylish Item,Home Appliances,Built for durability.
46,Premium Equipment,Fitness,Compact and versatile.
47,Eco-Friendly Equipment,Furniture,A blend of style and functionality.
48,High-Quality Device,Health & Personal Care,Built for durability.
49,Innovative Accessory,Fitness,Top choice for enthusiasts.
50,Reliable Device,Fitness,Built for durability.
51,Advanced Item,Fitness,Compact and versatile.
52,Premium Gadget,Home Appliances,Top choice for enthusiasts.
53,Advanced Device,Furniture,An essential for your home.
54,Compact Machine,Furniture,Designed for modern lifestyles.
55,Smart Item,Fitness,Built for durability.
56,Compact Accessory,Home Appliances,Efficient and reliable.
57,Premium Item,Accessories,Designed for modern lifestyles.
58,Reliable Item,Electronics,Designed for modern lifestyles.
59,Compact Item,Electronics,Built for durability.
60,Compact Item,Home Appliances,Designed for modern lifestyles.
61,Compact Gadget,Sporting Goods,Compact and versatile.
62,Durable Tool,Fitness,Top choice for enthusiasts.
63,Advanced Tool,Accessories,Perfect for daily use.
64,Stylish Equipment,Health & Personal Care,Efficient and reliable.
65,High-Quality Accessory,Sporting Goods,Recommended by experts.
66,High-Quality Machine,Health & Personal Care,Compact and versatile.
67,Stylish Tool,Fitness,A blend of style and functionality.
68,Durable Device,Electronics,Built for durability.
69,Advanced Device,Sporting Goods,Top choice for enthusiasts.
70,Smart Gadget,Home Appliances,Designed for modern lifestyles.
71,Innovative Gadget,Furniture,Designed for modern lifestyles.
72,Smart Item,Kitchen,Efficient and reliable.
73,Stylish Appliance,Health & Personal Care,Built for durability.
74,Premium Gadget,Home Appliances,Designed for modern lifestyles.
75,Compact Accessory,Accessories,Recommended by experts.
76,Compact Appliance,Accessories,Built for durability.
77,Stylish Device,Sporting Goods,A blend of style and functionality.
78,Smart Device,Home Appliances,Efficient and reliable.
79,Compact Device,Furniture,Perfect for daily use.
80,Premium Item,Home Appliances,Top choice for enthusiasts.
81,Compact Machine,Accessories,Perfect for daily use.
82,Advanced Appliance,Fitness,Perfect for daily use.
83,Smart Equipment,Health & Personal Care,Designed for modern lifestyles.
84,Compact Accessory,Fitness,Efficient and reliable.
85,Compact Device,Fitness,Recommended by experts.
86,Stylish Item,Sporting Goods,Top choice for enthusiasts.
87,Durable Device,Furniture,Perfect for daily use.
88,Advanced Accessory,Kitchen,Recommended by experts.
89,Smart Machine,Electronics,Compact and versatile.
90,Smart Accessory,Kitchen,An essential for your home.
91,Durable Tool,Sporting Goods,Built for durability.
92,Compact Accessory,Home Appliances,Built for durability.
93,Durable Equipment,Fitness,Compact and versatile.
94,Stylish Gadget,Kitchen,A blend of style and functionality.
95,Smart Device,Fitness,Efficient and reliable.
96,Reliable Device,Fitness,A blend of style and functionality.
97,Advanced Accessory,Furniture,A blend of style and functionality.
98,Stylish Tool,Health & Personal Care,Efficient and reliable.
99,Premium Accessory,Electronics,Top choice for enthusiasts.
100,Eco-Friendly Gadget,Accessories,Built for durability.
101,Reliable Machine,Health & Personal Care,Perfect for daily use.
102,Smart Item,Furniture,Top choice for enthusiasts.
103,Premium Equipment,Furniture,Perfect for daily use.
104,Premium Gadget,Fitness,Recommended by experts.
105,Durable Tool,Health & Personal Care,Efficient and reliable.
106,Smart Machine,Fitness,A blend of style and functionality.
107,Compact Machine,Kitchen,Designed for modern lifestyles.
108,Eco-Friendly Gadget,Home Appliances,Compact and versatile.
109,Reliable Equipment,Fitness,Recommended by experts.
110,Premium Appliance,Home Appliances,Efficient and reliable.
111,High-Quality Accessory,Sporting Goods,Compact and versatile.
112,Premium Equipment,Fitness,Top choice for enthusiasts.
113,Premium Accessory,Kitchen,Built for durability.
114,Stylish Accessory,Electronics,Perfect for daily use.
115,High-Quality Device,Sporting Goods,Recommended by experts.
116,Stylish Item,Electronics,Efficient and reliable.
117,Compact Appliance,Home Appliances,Perfect for daily use.
118,Premium Device,Fitness,Recommended by experts.
119,Reliable Device,Health & Personal Care,Designed for modern lifestyles.
120,Reliable Appliance,Furniture,Compact and versatile.
121,Innovative Accessory,Furniture,Recommended by experts.
122,Premium Appliance,Sporting Goods,Designed for modern lifestyles.
123,Stylish Appliance,Fitness,A blend of style and functionality.
124,Stylish Machine,Health & Personal Care,Top choice for enthusiasts.
125,Stylish Tool,Home Appliances,Built for durability.
126,Stylish Equipment,Electronics,Perfect for daily use.
127,Compact Tool,Accessories,Compact and versatile.
128,Eco-Friendly Appliance,Kitchen,Efficient and reliable.
129,Smart Gadget,Home Appliances,Recommended by experts.
130,Smart Gadget,Electronics,Compact and versatile.
131,Reliable Equipment,Sporting Goods,Built for durability.
132,Reliable Machine,Electronics,Compact and versatile.
133,Innovative Device,Sporting Goods,Perfect for daily use.
134,Durable Tool,Home Appliances,A blend of style and functionality.
135,Advanced Machine,Kitchen,Recommended by experts.
136,Innovative Accessory,Electronics,Efficient and reliable.
137,Durable Accessory,Electronics,Designed for modern lifestyles.
138,Compact Tool,Furniture,Recommended by experts.
139,Innovative Appliance,Health & Personal Care,Top choice for enthusiasts.
140,Smart Gadget,Health & Personal Care,Efficient and reliable.
141,Reliable Appliance,Furniture,Recommended by experts.
142,Smart Appliance,Kitchen,Recommended by experts.
143,High-Quality Item,Accessories,Efficient and reliable.
144,Reliable Device,Home Appliances,Designed for modern lifestyles.
145,Premium Device,Home Appliances,Efficient and reliable.
146,Compact Appliance,Home Appliances,An essential for your home.
147,Reliable Tool,Electronics,A blend of style and functionality.
148,Compact Equipment,Electronics,Perfect for daily use.
149,Stylish Appliance,Furniture,Compact and versatile.
150,Reliable Item,Accessories,Compact and versatile.
151,Advanced Tool,Sporting Goods,Built for durability.
152,Advanced Appliance,Home Appliances,Perfect for daily use.
153,Reliable Machine,Accessories,Built for durability.
154,Innovative Gadget,Fitness,Built for durability.
155,Reliable Device,Fitness,Designed for modern lifestyles.
156,Advanced Device,Accessories,Top choice for enthusiasts.
157,High-Quality Device,Health & Personal Care,Compact and versatile.
158,Durable Equipment,Kitchen,Designed for modern lifestyles.
159,Innovative Gadget,Health & Personal Care,Efficient and reliable.
160,Compact Device,Fitness,Efficient and reliable.
161,Reliable Item,Accessories,Top choice for enthusiasts.
162,Durable Accessory,Home Appliances,Perfect for daily use.
163,Premium Machine,Furniture,A blend of style and functionality.
164,Compact Gadget,Accessories,Recommended by experts.
165,Durable Accessory,Health & Personal Care,Designed for modern lifestyles.
166,Durable Gadget,Health & Personal Care,Designed for modern lifestyles.
167,Durable Accessory,Accessories,Perfect for daily use.
168,Durable Gadget,Furniture,Efficient and reliable.
169,Premium Accessory,Electronics,Recommended by experts.
170,High-Quality Tool,Sporting Goods,Recommended by experts.
171,Eco-Friendly Equipment,Fitness,An essential for your home.
172,Reliable Machine,Electronics,Compact and versatile.
173,Advanced Device,Electronics,Perfect for daily use.
174,Advanced Gadget,Electronics,Efficient and reliable.
175,Innovative Appliance,Fitness,Recommended by experts.
176,High-Quality Tool,Fitness,An essential for your home.
177,Premium Item,Sporting Goods,Efficient and reliable.
178,Durable Gadget,Sporting Goods,Designed for modern lifestyles.
179,Reliable Appliance,Home Appliances,Designed for modern lifestyles.
180,Advanced Equipment,Fitness,Compact and versatile.
181,Reliable Machine,Furniture,Perfect for daily use.
182,Durable Device,Sporting Goods,A blend of style and functionality.
183,Premium Appliance,Fitness,An essential for your home.
184,Advanced Gadget,Sporting Goods,Built for durability.
185,Compact Device,Furniture,Built for durability.
186,Smart Equipment,Electronics,Efficient and reliable.
187,High-Quality Equipment,Fitness,Designed for modern lifestyles.
188,Premium Appliance,Home Appliances,A blend of style and functionality.
189,Stylish Appliance,Home Appliances,Recommended by experts.
190,Stylish Appliance,Fitness,Top choice for enthusiasts.
191,Eco-Friendly Item,Electronics,An essential for your home.
192,Advanced Item,Home Appliances,An essential for your home.
193,Advanced Item,Furniture,Perfect for daily use.
194,Durable Item,Accessories,Compact and versatile.
195,Reliable Gadget,Kitchen,Built for durability.
196,Stylish Machine,Home Appliances,Top choice for enthusiasts.
197,Compact Machine,Accessories,An essential for your home.
198,Reliable Gadget,Accessories,Built for durability.
199,Premium Equipment,Electronics,Perfect for daily use.
200,Advanced Tool,Electronics,Designed for modern lifestyles.
201,Premium Accessory,Kitchen,Compact and versatile.
202,Compact Machine,Accessories,Designed for modern lifestyles.
203,High-Quality Device,Fitness,Built for durability.
204,Stylish Gadget,Furniture,Compact and versatile.
205,Eco-Friendly Item,Fitness,An essential for your home.
206,Smart Device,Electronics,Recommended by experts.
207,Compact Device,Health & Personal Care,Compact and versatile.
208,Compact Tool,Accessories,Compact and versatile.
209,Durable Device,Health & Personal Care,Compact and versatile.
210,Reliable Machine,Furniture,Perfect for daily use.
211,Premium Accessory,Kitchen,An essential for your home.
212,Reliable Gadget,Furniture,Compact and versatile.
213,Eco-Friendly Tool,Kitchen,Efficient and reliable.
214,Innovative Gadget,Electronics,An essential for your home.
215,Compact Machine,Accessories,Recommended by experts.
216,Innovative Machine,Home Appliances,An essential for your home.
217,Stylish Accessory,Kitchen,Designed for modern lifestyles.
218,Reliable Item,Kitchen,Compact and versatile.
219,High-Quality Appliance,Home Appliances,Recommended by experts.
220,Durable Device,Home Appliances,A blend of style and functionality.
221,Smart Device,Fitness,Recommended by experts.
222,Eco-Friendly Tool,Home Appliances,Top choice for enthusiasts.
223,Innovative Gadget,Electronics,Built for durability.
224,Advanced Device,Fitness,Top choice for enthusiasts.
225,Reliable Accessory,Health & Personal Care,Perfect for daily use.
226,Durable Appliance,Kitchen,Compact and versatile.
227,Smart Appliance,Kitchen,Compact and versatile.
228,Stylish Accessory,Home Appliances,Designed for modern lifestyles.
229,Eco-Friendly Machine,Health & Personal Care,Perfect for daily use.
230,Innovative Machine,Kitchen,Built for durability.
231,Smart Item,Accessories,A blend of style and functionality.
232,Smart Machine,Accessories,Efficient and reliable.
233,Smart Equipment,Health & Personal Care,Built for durability.
234,Eco-Friendly Gadget,Kitchen,A blend of style and functionality.
235,Innovative Machine,Home Appliances,Compact and versatile.
236,Compact Tool,Accessories,Perfect for daily use.
237,Innovative Appliance,Sporting Goods,A blend of style and functionality.
238,Innovative Equipment,Accessories,Designed for modern lifestyles.
239,Stylish Accessory,Fitness,Perfect for daily use.
240,Smart Accessory,Fitness,An essential for your home.
241,Stylish Item,Kitchen,Perfect for daily use.
242,Eco-Friendly Equipment,Accessories,Perfect for daily use.
243,Premium Machine,Electronics,Compact and versatile.
244,Stylish Item,Furniture,Recommended by experts.
245,Stylish Tool,Electronics,Compact and versatile.
246,Smart Accessory,Electronics,Top choice for enthusiasts.
247,Innovative Gadget,Home Appliances,Efficient and reliable.
248,High-Quality Accessory,Fitness,Perfect for daily use.
249,Compact Accessory,Health & Personal Care,Built for durability.
250,Reliable Item,Home Appliances,Designed for modern lifestyles.
251,Eco-Friendly Equipment,Electronics,An essential for your home.
252,Innovative Equipment,Kitchen,A blend of style and functionality.
253,Stylish Tool,Sporting Goods,Perfect for daily use.
254,Reliable Machine,Fitness,An essential for your home.
255,Premium Accessory,Fitness,Efficient and reliable.
256,Smart Item,Health & Personal Care,Compact and versatile.
257,Durable Equipment,Kitchen,Compact and versatile.
258,Smart Item,Health & Personal Care,A blend of style and functionality.
259,Smart Appliance,Kitchen,Perfect for daily use.
260,High-Quality Item,Kitchen,Top choice for enthusiasts.
261,Eco-Friendly Tool,Electronics,Recommended by experts.
262,Durable Accessory,Furniture,Compact and versatile.
263,Compact Device,Kitchen,Recommended by experts.
264,Reliable Appliance,Accessories,Efficient and reliable.
265,Eco-Friendly Tool,Home Appliances,Compact and versatile.
266,Eco-Friendly Tool,Health & Personal Care,Perfect for daily use.
267,Compact Gadget,Home Appliances,A blend of style and functionality.
268,Innovative Appliance,Health & Personal Care,Compact and versatile.
269,Innovative Tool,Kitchen,A blend of style and functionality.
270,Eco-Friendly Machine,Fitness,Top choice for enthusiasts.
271,Compact Accessory,Fitness,An essential for your home.
272,Durable Item,Electronics,An essential for your home.
273,Advanced Appliance,Furniture,A blend of style and functionality.
274,High-Quality Tool,Sporting Goods,A blend of style and functionality.
275,Smart Appliance,Sporting Goods,An essential for your home.
276,High-Quality Equipment,Home Appliances,Efficient and reliable.
277,High-Quality Equipment,Home Appliances,Built for durability.
278,Stylish Equipment,Home Appliances,Perfect for daily use.
279,Innovative Machine,Home Appliances,A blend of style and functionality.
280,High-Quality Tool,Electronics,Perfect for daily use.
281,Stylish Device,Health & Personal Care,Built for durability.
282,Stylish Accessory,Kitchen,Efficient and reliable.
283,Reliable Appliance,Fitness,A blend of style and functionality.
284,Premium Appliance,Fitness,A blend of style and functionality.
285,Stylish Item,Sporting Goods,A blend of style and functionality.
286,Reliable Machine,Sporting Goods,Recommended by experts.
287,High-Quality Gadget,Health & Personal Care,An essential for your home.
288,Compact Equipment,Sporting Goods,Recommended by experts.
289,Advanced Accessory,Health & Personal Care,An essential for your home.
290,Innovative Device,Kitchen,Built for durability.
291,Compact Appliance,Sporting Goods,Built for durability.
292,Reliable Equipment,Fitness,Recommended by experts.
293,Durable Appliance,Fitness,Compact and versatile.
294,Premium Appliance,Accessories,Designed for modern lifestyles.
295,Advanced Tool,Electronics,Recommended by experts.
296,Smart Machine,Fitness,A blend of style and functionality.
297,Reliable Gadget,Health & Personal Care,Compact and versatile.
298,Premium Machine,Home Appliances,Efficient and reliable.
299,Premium Item,Kitchen,Recommended by experts.
300,Premium Accessory,Kitchen,Efficient and reliable.
301,Innovative Device,Sporting Goods,Built for durability.
302,Innovative Appliance,Furniture,An essential for your home.
303,Eco-Friendly Equipment,Accessories,Designed for modern lifestyles.
304,Stylish Device,Furniture,Top choice for enthusiasts.
305,Stylish Device,Accessories,A blend of style and functionality.
306,Premium Accessory,Home Appliances,Perfect for daily use.
307,Smart Appliance,Furniture,Built for durability.
308,High-Quality Gadget,Accessories,Top choice for enthusiasts.
309,Stylish Accessory,Health & Personal Care,Compact and versatile.
310,Advanced Equipment,Health & Personal Care,Compact and versatile.
311,Compact Machine,Accessories,Perfect for daily use.
312,Innovative Machine,Health & Personal Care,Built for durability.
313,High-Quality Tool,Furniture,Top choice for enthusiasts.
314,Durable Equipment,Sporting Goods,An essential for your home.
315,Smart Device,Health & Personal Care,Top choice for enthusiasts.
316,Innovative Gadget,Kitchen,Compact and versatile.
317,Advanced Item,Furniture,Perfect for daily use.
318,Smart Accessory,Furniture,Perfect for daily use.
319,Advanced Tool,Health & Personal Care,Efficient and reliable.
320,Smart Item,Sporting Goods,Compact and versatile.
321,Advanced Tool,Electronics,A blend of style and functionality.
322,Eco-Friendly Equipment,Home Appliances,Recommended by experts.
323,Advanced Gadget,Accessories,Built for durability.
324,Stylish Device,Kitchen,Efficient and reliable.
325,Durable Device,Home Appliances,Perfect for daily use.
326,Advanced Tool,Sporting Goods,A blend of style and functionality.
327,Reliable Item,Home Appliances,Compact and versatile.
328,Stylish Equipment,Electronics,An essential for your home.
329,Stylish Appliance,Fitness,Compact and versatile.
330,Reliable Tool,Sporting Goods,Built for durability.
331,Reliable Appliance,Home Appliances,Designed for modern lifestyles.
332,Eco-Friendly Gadget,Kitchen,Recommended by experts.
333,Eco-Friendly Device,Accessories,Top choice for enthusiasts.
334,Innovative Gadget,Home Appliances,Top choice for enthusiasts.
335,Durable Accessory,Accessories,Compact and versatile.
336,Innovative Gadget,Sporting Goods,An essential for your home.
337,Compact Gadget,Sporting Goods,An essential for your home.
338,Smart Accessory,Furniture,Top choice for enthusiasts.
339,High-Quality Appliance,Accessories,Compact and versatile.
340,Smart Device,Kitchen,Perfect for daily use.
341,Advanced Appliance,Health & Personal Care,Compact and versatile.
342,Innovative Machine,Accessories,Designed for modern lifestyles.
343,Smart Item,Kitchen,Top choice for enthusiasts.
344,Durable Accessory,Home Appliances,Perfect for daily use.
345,Reliable Accessory,Health & Personal Care,Perfect for daily use.
346,Advanced Device,Health & Personal Care,A blend of style and functionality.
347,Eco-Friendly Tool,Fitness,Designed for modern lifestyles.
348,Smart Appliance,Health & Personal Care,Efficient and reliable.
349,Innovative Appliance,Electronics,Built for durability.
350,Eco-Friendly Device,Sporting Goods,Compact and versatile.
351,Innovative Device,Accessories,Recommended by experts.
352,Premium Accessory,Fitness,Perfect for daily use.
353,Advanced Device,Electronics,Compact and versatile.
354,Stylish Appliance,Sporting Goods,Compact and versatile.
355,High-Quality Item,Electronics,Efficient and reliable.
356,Smart Device,Home Appliances,An essential for your home.
357,Eco-Friendly Appliance,Home Appliances,Compact and versatile.
358,Smart Appliance,Furniture,Recommended by experts.
359,Reliable Accessory,Health & Personal Care,Designed for modern lifestyles.
360,High-Quality Tool,Kitchen,Built for durability.
361,Compact Equipment,Fitness,Top choice for enthusiasts.
362,Advanced Device,Health & Personal Care,Recommended by experts.
363,Advanced Accessory,Kitchen,A blend of style and functionality.
364,Durable Appliance,Kitchen,Recommended by experts.
365,Advanced Item,Electronics,Efficient and reliable.
366,Advanced Equipment,Sporting Goods,Efficient and reliable.
367,Premium Machine,Furniture,Recommended by experts.
368,Reliable Appliance,Fitness,Recommended by experts.
369,High-Quality Accessory,Home Appliances,Designed for modern lifestyles.
370,Reliable Item,Accessories,An essential for your home.
371,Innovative Accessory,Health & Personal Care,Perfect for daily use.
372,Durable Gadget,Accessories,Designed for modern lifestyles.
373,Smart Item,Accessories,Built for durability.
374,Innovative Machine,Home Appliances,An essential for your home.
375,Reliable Equipment,Fitness,Top choice for enthusiasts.
376,Stylish Device,Accessories,Compact and versatile.
377,Innovative Equipment,Health & Personal Care,Designed for modern lifestyles.
378,Stylish Gadget,Fitness,Built for durability.
379,Eco-Friendly Accessory,Health & Personal Care,Built for durability.
380,Compact Tool,Sporting Goods,A blend of style and functionality.
381,Reliable Appliance,Fitness,Built for durability.
382,Advanced Tool,Sporting Goods,Top choice for enthusiasts.
383,Premium Item,Home Appliances,Compact and versatile.
384,Compact Appliance,Kitchen,Top choice for enthusiasts.
385,Reliable Accessory,Accessories,Recommended by experts.
386,High-Quality Device,Kitchen,Designed for modern lifestyles.
387,Durable Device,Sporting Goods,Recommended by experts.
388,Advanced Device,Electronics,Designed for modern lifestyles.
389,Eco-Friendly Equipment,Health & Personal Care,Recommended by experts.
390,Stylish Item,Home Appliances,An essential for your home.
391,High-Quality Device,Sporting Goods,Top choice for enthusiasts.
392,Advanced Machine,Electronics,Perfect for daily use.
393,High-Quality Item,Kitchen,A blend of style and functionality.
394,Stylish Item,Accessories,Designed for modern lifestyles.
395,Eco-Friendly Item,Furniture,An essential for your home.
396,Compact Equipment,Electronics,Built for durability.
397,Eco-Friendly Item,Health & Personal Care,A blend of style and functionality.
398,High-Quality Equipment,Home Appliances,An essential for your home.
399,Premium Appliance,Home Appliances,Built for durability.
400,Compact Appliance,Furniture,An essential for your home.
401,Reliable Device,Kitchen,A blend of style and functionality.
402,Advanced Machine,Electronics,Perfect for daily use.
403,Eco-Friendly Appliance,Accessories,A blend of style and functionality.
404,Innovative Equipment,Kitchen,Top choice for enthusiasts.
405,Stylish Machine,Sporting Goods,A blend of style and functionality.
406,Stylish Item,Health & Personal Care,Compact and versatile.
407,Advanced Equipment,Home Appliances,Efficient and reliable.
408,Reliable Accessory,Fitness,A blend of style and functionality.
409,Innovative Gadget,Furniture,Perfect for daily use.
410,Smart Item,Furniture,Recommended by experts.
411,Reliable Accessory,Electronics,Recommended by experts.
412,Smart Tool,Health & Personal Care,Built for durability.
413,High-Quality Accessory,Electronics,Perfect for daily use.
414,Premium Tool,Furniture,A blend of style and functionality.
415,Eco-Friendly Item,Electronics,A blend of style and functionality.
416,High-Quality Gadget,Health & Personal Care,Perfect for daily use.
417,Premium Equipment,Health & Personal Care,Designed for modern lifestyles.
418,Durable Machine,Kitchen,Built for durability.
419,Eco-Friendly Gadget,Health & Personal Care,An essential for your home.
420,Durable Tool,Home Appliances,Perfect for daily use.
421,Compact Device,Kitchen,A blend of style and functionality.
422,Premium Gadget,Sporting Goods,Compact and versatile.
423,Stylish Device,Furniture,Compact and versatile.
424,Durable Equipment,Accessories,Efficient and reliable.
425,Smart Equipment,Home Appliances,An essential for your home.
426,Durable Equipment,Fitness,An essential for your home.
427,Stylish Tool,Home Appliances,A blend of style and functionality.
428,Premium Gadget,Sporting Goods,Top choice for enthusiasts.
429,Premium Item,Home Appliances,Perfect for daily use.
430,Stylish Accessory,Accessories,Designed for modern lifestyles.
431,Advanced Item,Home Appliances,Efficient and reliable.
432,High-Quality Equipment,Furniture,Built for durability.
433,Compact Appliance,Electronics,Top choice for enthusiasts.
434,Compact Machine,Accessories,Compact and versatile.
435,Smart Gadget,Home Appliances,Efficient and reliable.
436,Durable Tool,Accessories,Compact and versatile.
437,Durable Equipment,Fitness,Recommended by experts.
438,Advanced Appliance,Kitchen,An essential for your home.
439,Advanced Equipment,Electronics,An essential for your home.
440,Durable Device,Home Appliances,Efficient and reliable.
441,Premium Tool,Accessories,Top choice for enthusiasts.
442,Reliable Device,Fitness,Top choice for enthusiasts.
443,Compact Tool,Health & Personal Care,Top choice for enthusiasts.
444,Eco-Friendly Device,Health & Personal Care,Top choice for enthusiasts.
445,Smart Gadget,Fitness,Compact and versatile.
446,Advanced Appliance,Fitness,Compact and versatile.
447,Stylish Accessory,Kitchen,Top choice for enthusiasts.
448,Innovative Item,Accessories,Efficient and reliable.
449,Innovative Appliance,Accessories,Compact and versatile.
450,Advanced Device,Fitness,Built for durability.
451,Advanced Appliance,Furniture,Built for durability.
452,Smart Appliance,Kitchen,Designed for modern lifestyles.
453,Premium Accessory,Sporting Goods,Built for durability.
454,Eco-Friendly Device,Kitchen,Recommended by experts.
455,Advanced Item,Electronics,Efficient and reliable.
456,High-Quality Accessory,Electronics,Compact and versatile.
457,Eco-Friendly Machine,Furniture,Recommended by experts.
458,Eco-Friendly Device,Accessories,Top choice for enthusiasts.
459,High-Quality Machine,Health & Personal Care,Compact and versatile.
460,Durable Accessory,Kitchen,An essential for your home.
461,Compact Device,Home Appliances,Compact and versatile.
462,High-Quality Gadget,Furniture,Built for durability.
463,Advanced Appliance,Sporting Goods,Designed for modern lifestyles.
464,Smart Accessory,Furniture,Top choice for enthusiasts.
465,Durable Item,Sporting Goods,A blend of style and functionality.
466,Compact Device,Kitchen,Perfect for daily use.
467,Durable Accessory,Furniture,Designed for modern lifestyles.
468,Advanced Appliance,Accessories,Built for durability.
469,Innovative Gadget,Fitness,Efficient and reliable.
470,Advanced Equipment,Health & Personal Care,An essential for your home.
471,Premium Accessory,Furniture,An essential for your home.
472,Compact Tool,Kitchen,Top choice for enthusiasts.
473,Durable Tool,Accessories,Top choice for enthusiasts.
474,Compact Accessory,Accessories,Designed for modern lifestyles.
475,Premium Item,Fitness,Recommended by experts.
476,High-Quality Device,Sporting Goods,Designed for modern lifestyles.
477,Stylish Equipment,Home Appliances,Built for durability.
478,Compact Appliance,Fitness,An essential for your home.
479,Smart Accessory,Fitness,Designed for modern lifestyles.
480,Eco-Friendly Machine,Health & Personal Care,Designed for modern lifestyles.
481,Stylish Gadget,Furniture,Efficient and reliable.
482,Innovative Gadget,Kitchen,Top choice for enthusiasts.
483,Compact Tool,Furniture,Perfect for daily use.
484,Smart Machine,Accessories,Designed for modern lifestyles.
485,Premium Item,Accessories,A blend of style and functionality.
486,Eco-Friendly Item,Fitness,A blend of style and functionality.
487,Smart Equipment,Furniture,Recommended by experts.
488,Stylish Equipment,Fitness,Perfect for daily use.
489,Innovative Device,Furniture,Top choice for enthusiasts.
490,Stylish Appliance,Sporting Goods,Efficient and reliable.
491,Reliable Accessory,Electronics,Built for durability.
492,Advanced Item,Kitchen,Compact and versatile.
493,Innovative Tool,Health & Personal Care,Perfect for daily use.
494,Stylish Tool,Home Appliances,Perfect for daily use.
495,High-Quality Equipment,Furniture,Recommended by experts.
496,Smart Accessory,Home Appliances,A blend of style and functionality.
497,Durable Device,Electronics,A blend of style and functionality.
498,Durable Accessory,Health & Personal Care,Recommended by experts.
499,High-Quality Gadget,Furniture,Efficient and reliable.
500,Smart Appliance,Fitness,Compact and versatile.
501,Stylish Machine,Electronics,Compact and versatile.
502,Smart Item,Kitchen,Top choice for enthusiasts.
503,Advanced Gadget,Health & Personal Care,An essential for your home.
504,Innovative Gadget,Accessories,Recommended by experts.
505,Compact Equipment,Kitchen,Recommended by experts.
506,High-Quality Accessory,Kitchen,Designed for modern lifestyles.
507,Eco-Friendly Accessory,Home Appliances,Perfect for daily use.
508,Eco-Friendly Tool,Home Appliances,Top choice for enthusiasts.
509,Reliable Accessory,Fitness,Recommended by experts.
510,Innovative Machine,Electronics,Designed for modern lifestyles.
511,Smart Equipment,Electronics,An essential for your home.
512,Premium Accessory,Electronics,Compact and versatile.
513,Stylish Appliance,Fitness,Efficient and reliable.
514,Premium Accessory,Health & Personal Care,An essential for your home.
515,Eco-Friendly Gadget,Home Appliances,A blend of style and functionality.
516,Compact Accessory,Health & Personal Care,Compact and versatile.
517,Innovative Accessory,Furniture,Recommended by experts.
518,Reliable Gadget,Fitness,Compact and versatile.
519,Durable Accessory,Kitchen,Compact and versatile.
520,Innovative Machine,Furniture,Compact and versatile.
521,Advanced Item,Home Appliances,Top choice for enthusiasts.
522,Smart Tool,Fitness,Top choice for enthusiasts.
523,Premium Tool,Sporting Goods,Efficient and reliable.
524,Smart Item,Fitness,An essential for your home.
525,Reliable Tool,Health & Personal Care,Top choice for enthusiasts.
526,Innovative Device,Home Appliances,Compact and versatile.
527,Eco-Friendly Appliance,Home Appliances,A blend of style and functionality.
528,Reliable Device,Sporting Goods,An essential for your home.
529,Innovative Item,Furniture,Top choice for enthusiasts.
530,Smart Machine,Fitness,A blend of style and functionality.
531,Innovative Tool,Health & Personal Care,Compact and versatile.
532,Stylish Accessory,Home Appliances,Compact and versatile.
533,High-Quality Machine,Accessories,Recommended by experts.
534,Reliable Equipment,Kitchen,Perfect for daily use.
535,High-Quality Machine,Furniture,Built for durability.
536,Stylish Gadget,Home Appliances,Recommended by experts.
537,Durable Tool,Sporting Goods,Recommended by experts.
538,Smart Item,Sporting Goods,Recommended by experts.
539,Reliable Machine,Electronics,Perfect for daily use.
540,Reliable Tool,Sporting Goods,An essential for your home.
541,Innovative Gadget,Kitchen,An essential for your home.
542,Stylish Tool,Accessories,Efficient and reliable.
543,Innovative Device,Health & Personal Care,Top choice for enthusiasts.
544,Premium Gadget,Electronics,Top choice for enthusiasts.
545,Stylish Item,Accessories,Top choice for enthusiasts.
546,Smart Device,Sporting Goods,A blend of style and functionality.
547,Smart Item,Health & Personal Care,Compact and versatile.
548,Compact Device,Health & Personal Care,Recommended by experts.
549,Reliable Item,Kitchen,Efficient and reliable.
550,Premium Machine,Fitness,A blend of style and functionality.
551,Durable Tool,Accessories,An essential for your home.
552,Premium Gadget,Furniture,Efficient and reliable.
553,Compact Equipment,Electronics,Perfect for daily use.
554,Stylish Accessory,Kitchen,Designed for modern lifestyles.
555,Advanced Machine,Fitness,Recommended by experts.
556,High-Quality Machine,Electronics,Perfect for daily use.
557,Reliable Appliance,Home Appliances,Designed for modern lifestyles.
558,Stylish Item,Home Appliances,Top choice for enthusiasts.
559,Reliable Tool,Sporting Goods,Recommended by experts.
560,Premium Tool,Fitness,An essential for your home.
561,High-Quality Item,Electronics,A blend of style and functionality.
562,Compact Accessory,Furniture,Efficient and reliable.
563,Eco-Friendly Gadget,Electronics,Efficient and reliable.
564,Smart Appliance,Sporting Goods,Perfect for daily use.
565,Reliable Machine,Accessories,Designed for modern lifestyles.
566,Compact Equipment,Fitness,An essential for your home.
567,Advanced Device,Fitness,Built for durability.
568,Durable Gadget,Accessories,Efficient and reliable.
569,Premium Tool,Furniture,Designed for modern lifestyles.
570,Smart Appliance,Home Appliances,A blend of style and functionality.
571,High-Quality Tool,Furniture,Top choice for enthusiasts.
572,Durable Item,Home Appliances,Built for durability.
573,Durable Appliance,Sporting Goods,An essential for your home.
574,Premium Tool,Kitchen,Perfect for daily use.
575,Stylish Machine,Fitness,Designed for modern lifestyles.
576,Innovative Device,Electronics,Compact and versatile.
577,Smart Equipment,Furniture,Top choice for enthusiasts.
578,Compact Accessory,Sporting Goods,A blend of style and functionality.
579,Reliable Accessory,Accessories,Top choice for enthusiasts.
580,High-Quality Device,Kitchen,Efficient and reliable.
581,Durable Tool,Home Appliances,An essential for your home.
582,Durable Accessory,Health & Personal Care,A blend of style and functionality.
583,Advanced Machine,Home Appliances,An essential for your home.
584,Eco-Friendly Appliance,Fitness,Perfect for daily use.
585,Durable Tool,Kitchen,A blend of style and functionality.
586,Stylish Equipment,Health & Personal Care,Built for durability.
587,Compact Item,Accessories,Compact and versatile.
588,Reliable Device,Furniture,Top choice for enthusiasts.
589,Premium Tool,Electronics,Compact and versatile.
590,Compact Item,Furniture,Perfect for daily use.
591,Compact Equipment,Home Appliances,Designed for modern lifestyles.
592,High-Quality Item,Home Appliances,Perfect for daily use.
593,Reliable Item,Home Appliances,Recommended by experts.
594,Reliable Equipment,Electronics,Recommended by experts.
595,Reliable Appliance,Accessories,Compact and versatile.
596,Stylish Device,Home Appliances,An essential for your home.
597,Compact Appliance,Electronics,Top choice for enthusiasts.
598,Durable Item,Fitness,A blend of style and functionality.
599,Reliable Gadget,Health & Personal Care,Efficient and reliable.
600,High-Quality Machine,Home Appliances,Designed for modern lifestyles.
601,Reliable Machine,Kitchen,Perfect for daily use.
602,Smart Gadget,Sporting Goods,Compact and versatile.
603,Compact Device,Sporting Goods,An essential for your home.
604,Advanced Accessory,Kitchen,Compact and versatile.
605,High-Quality Tool,Home Appliances,Built for durability.
606,Smart Item,Kitchen,An essential for your home.
607,Durable Tool,Accessories,Designed for modern lifestyles.
608,Compact Item,Sporting Goods,Perfect for daily use.
609,Advanced Machine,Kitchen,Built for durability.
610,High-Quality Accessory,Health & Personal Care,Built for durability.
611,Stylish Item,Furniture,Top choice for enthusiasts.
612,Compact Equipment,Fitness,Built for durability.
613,Reliable Machine,Sporting Goods,An essential for your home.
614,Eco-Friendly Gadget,Sporting Goods,Perfect for daily use.
615,Stylish Device,Furniture,An essential for your home.
616,Reliable Device,Accessories,Perfect for daily use.
617,Stylish Tool,Kitchen,Designed for modern lifestyles.
618,Advanced Appliance,Sporting Goods,A blend of style and functionality.
619,Smart Tool,Electronics,Top choice for enthusiasts.
620,Stylish Tool,Sporting Goods,Efficient and reliable.
621,Compact Equipment,Accessories,Built for durability.
622,High-Quality Machine,Accessories,Recommended by experts.
623,Innovative Gadget,Health & Personal Care,A blend of style and functionality.
624,Eco-Friendly Appliance,Furniture,Recommended by experts.
625,Innovative Equipment,Kitchen,Recommended by experts.
626,Smart Equipment,Furniture,Top choice for enthusiasts.
627,Smart Tool,Kitchen,Perfect for daily use.
628,High-Quality Machine,Sporting Goods,Perfect for daily use.
629,High-Quality Device,Home Appliances,An essential for your home.
630,Stylish Item,Sporting Goods,Built for durability.
631,Premium Device,Health & Personal Care,Top choice for enthusiasts.
632,Durable Gadget,Electronics,Designed for modern lifestyles.
633,Stylish Accessory,Electronics,Efficient and reliable.
634,Eco-Friendly Tool,Furniture,Designed for modern lifestyles.
635,Premium Gadget,Health & Personal Care,Top choice for enthusiasts.
636,Durable Item,Fitness,Efficient and reliable.
637,Smart Item,Furniture,Efficient and reliable.
638,Stylish Gadget,Fitness,Top choice for enthusiasts.
639,High-Quality Gadget,Fitness,Top choice for enthusiasts.
640,Premium Gadget,Fitness,Recommended by experts.
641,Eco-Friendly Tool,Kitchen,A blend of style and functionality.
642,Smart Machine,Kitchen,Designed for modern lifestyles.
643,Innovative Item,Fitness,A blend of style and functionality.
644,Premium Accessory,Sporting Goods,Perfect for daily use.
645,Durable Tool,Furniture,Efficient and reliable.
646,Smart Tool,Furniture,A blend of style and functionality.
647,Smart Tool,Accessories,Compact and versatile.
648,Smart Tool,Health & Personal Care,A blend of style and functionality.
649,High-Quality Gadget,Accessories,Recommended by experts.
650,Premium Device,Accessories,An essential for your home.
651,Advanced Gadget,Furniture,A blend of style and functionality.
652,Innovative Equipment,Accessories,Built for durability.
653,Stylish Machine,Accessories,Designed for modern lifestyles.
654,Stylish Tool,Sporting Goods,Compact and versatile.
655,Premium Item,Health & Personal Care,Compact and versatile.
656,Stylish Gadget,Electronics,Compact and versatile.
657,Stylish Equipment,Fitness,An essential for your home.
658,Advanced Accessory,Accessories,Compact and versatile.
659,Durable Gadget,Accessories,A blend of style and functionality.
660,Innovative Gadget,Accessories,Compact and versatile.
661,Premium Gadget,Sporting Goods,Designed for modern lifestyles.
662,Compact Appliance,Electronics,Built for durability.
663,Eco-Friendly Item,Home Appliances,An essential for your home.
664,Eco-Friendly Tool,Sporting Goods,Built for durability.
665,Advanced Tool,Accessories,Compact and versatile.
666,Eco-Friendly Device,Kitchen,Designed for modern lifestyles.
667,Compact Equipment,Electronics,Top choice for enthusiasts.
668,High-Quality Equipment,Accessories,An essential for your home.
669,Advanced Machine,Home Appliances,Efficient and reliable.
670,Innovative Tool,Home Appliances,Perfect for daily use.
671,Advanced Appliance,Accessories,Recommended by experts.
672,Compact Appliance,Home Appliances,Perfect for daily use.
673,Smart Item,Kitchen,Efficient and reliable.
674,Advanced Equipment,Sporting Goods,Top choice for enthusiasts.
675,Compact Accessory,Home Appliances,Top choice for enthusiasts.
676,Eco-Friendly Accessory,Electronics,Perfect for daily use.
677,Durable Machine,Home Appliances,Efficient and reliable.
678,Durable Gadget,Fitness,Designed for modern lifestyles.
679,Innovative Accessory,Sporting Goods,Compact and versatile.
680,Smart Equipment,Kitchen,A blend of style and functionality.
681,Compact Equipment,Health & Personal Care,Recommended by experts.
682,Compact Appliance,Fitness,Perfect for daily use.
683,Smart Item,Accessories,Compact and versatile.
684,Innovative Accessory,Health & Personal Care,Perfect for daily use.
685,High-Quality Item,Kitchen,Designed for modern lifestyles.
686,Durable Device,Health & Personal Care,Efficient and reliable.
687,Innovative Equipment,Home Appliances,Top choice for enthusiasts.
688,Premium Gadget,Furniture,Perfect for daily use.
689,Stylish Appliance,Sporting Goods,An essential for your home.
690,Compact Item,Electronics,Compact and versatile.
691,Eco-Friendly Accessory,Fitness,An essential for your home.
692,Smart Device,Electronics,Efficient and reliable.
693,Compact Gadget,Home Appliances,Top choice for enthusiasts.
694,Innovative Equipment,Home Appliances,Top choice for enthusiasts.
695,Eco-Friendly Machine,Fitness,An essential for your home.
696,Compact Gadget,Accessories,Built for durability.
697,Premium Equipment,Furniture,Built for durability.
698,Eco-Friendly Machine,Sporting Goods,Designed for modern lifestyles.
699,Reliable Tool,Kitchen,Top choice for enthusiasts.
700,High-Quality Equipment,Fitness,Recommended by experts.
701,Eco-Friendly Appliance,Sporting Goods,A blend of style and functionality.
702,Durable Equipment,Kitchen,A blend of style and functionality.
703,Smart Device,Accessories,An essential for your home.
704,High-Quality Gadget,Sporting Goods,Recommended by experts.
705,Eco-Friendly Accessory,Accessories,Perfect for daily use.
706,Advanced Gadget,Furniture,An essential for your home.
707,Innovative Machine,Home Appliances,Perfect for daily use.
708,Smart Machine,Health & Personal Care,Compact and versatile.
709,Advanced Equipment,Accessories,Perfect for daily use.
710,High-Quality Machine,Health & Personal Care,Perfect for daily use.
711,Compact Appliance,Fitness,Designed for modern lifestyles.
712,High-Quality Accessory,Furniture,Recommended by experts.
713,High-Quality Equipment,Sporting Goods,An essential for your home.
714,Smart Machine,Sporting Goods,Recommended by experts.
715,Reliable Tool,Home Appliances,Perfect for daily use.
716,Durable Appliance,Home Appliances,Efficient and reliable.
717,Durable Equipment,Sporting Goods,Designed for modern lifestyles.
718,Stylish Gadget,Health & Personal Care,Recommended by experts.
719,Compact Device,Fitness,Top choice for enthusiasts.
720,Smart Accessory,Furniture,Recommended by experts.
721,High-Quality Device,Electronics,Designed for modern lifestyles.
722,Smart Device,Home Appliances,A blend of style and functionality.
723,Smart Appliance,Fitness,Compact and versatile.
724,Innovative Accessory,Kitchen,Perfect for daily use.
725,High-Quality Device,Electronics,An essential for your home.
726,Premium Appliance,Health & Personal Care,Designed for modern lifestyles.
727,High-Quality Equipment,Health & Personal Care,Efficient and reliable.
728,Compact Equipment,Health & Personal Care,Compact and versatile.
729,Reliable Item,Electronics,Top choice for enthusiasts.
730,Innovative Equipment,Sporting Goods,A blend of style and functionality.
731,Smart Appliance,Kitchen,A blend of style and functionality.
732,Advanced Item,Sporting Goods,Recommended by experts.
733,Smart Tool,Furniture,Designed for modern lifestyles.
734,Advanced Item,Fitness,An essential for your home.
735,Innovative Tool,Health & Personal Care,Top choice for enthusiasts.
736,Compact Tool,Accessories,Designed for modern lifestyles.
737,Innovative Item,Home Appliances,Recommended by experts.
738,Premium Tool,Sporting Goods,Designed for modern lifestyles.
739,Stylish Equipment,Electronics,Perfect for daily use.
740,Advanced Accessory,Electronics,Efficient and reliable.
741,Advanced Equipment,Electronics,Designed for modern lifestyles.
742,Compact Appliance,Accessories,Compact and versatile.
743,Premium Equipment,Furniture,Compact and versatile.
744,Stylish Accessory,Sporting Goods,Efficient and reliable.
745,Eco-Friendly Machine,Fitness,Perfect for daily use.
746,High-Quality Device,Home Appliances,Recommended by experts.
747,Durable Equipment,Furniture,Perfect for daily use.
748,Reliable Item,Health & Personal Care,Perfect for daily use.
749,High-Quality Accessory,Health & Personal Care,Top choice for enthusiasts.
750,High-Quality Appliance,Home Appliances,Top choice for enthusiasts.
751,Compact Tool,Home Appliances,Recommended by experts.
752,Durable Appliance,Kitchen,Efficient and reliable.
753,Reliable Item,Home Appliances,Designed for modern lifestyles.
754,Eco-Friendly Machine,Electronics,Recommended by experts.
755,Eco-Friendly Appliance,Fitness,Designed for modern lifestyles.
756,Compact Tool,Sporting Goods,Compact and versatile.
757,Compact Gadget,Home Appliances,Built for durability.
758,Premium Device,Health & Personal Care,Recommended by experts.
759,Premium Accessory,Kitchen,Recommended by experts.
760,Eco-Friendly Gadget,Fitness,Top choice for enthusiasts.
761,Premium Item,Home Appliances,Top choice for enthusiasts.
762,Smart Item,Accessories,Top choice for enthusiasts.
763,Eco-Friendly Gadget,Fitness,A blend of style and functionality.
764,Advanced Appliance,Sporting Goods,Perfect for daily use.
765,Reliable Accessory,Accessories,Perfect for daily use.
766,Innovative Item,Furniture,Top choice for enthusiasts.
767,Premium Equipment,Fitness,Perfect for daily use.
768,Smart Accessory,Kitchen,Built for durability.
769,Advanced Equipment,Electronics,Top choice for enthusiasts.
770,Compact Accessory,Fitness,Designed for modern lifestyles.
771,Innovative Equipment,Fitness,Designed for modern lifestyles.
772,Durable Machine,Accessories,Compact and versatile.
773,Smart Gadget,Accessories,A blend of style and functionality.
774,Eco-Friendly Tool,Furniture,An essential for your home.
775,Premium Gadget,Furniture,An essential for your home.
776,Durable Appliance,Electronics,Top choice for enthusiasts.
777,Smart Machine,Furniture,Designed for modern lifestyles.
778,Compact Machine,Home Appliances,Built for durability.
779,Smart Machine,Electronics,Efficient and reliable.
780,High-Quality Equipment,Health & Personal Care,Perfect for daily use.
781,Smart Equipment,Electronics,Top choice for enthusiasts.
782,Compact Accessory,Kitchen,A blend of style and functionality.
783,Premium Machine,Accessories,Top choice for enthusiasts.
784,Durable Device,Furniture,Recommended by experts.
785,Advanced Device,Health & Personal Care,Top choice for enthusiasts.
786,Stylish Machine,Accessories,Designed for modern lifestyles.
787,Stylish Device,Sporting Goods,Designed for modern lifestyles.
788,High-Quality Machine,Electronics,A blend of style and functionality.
789,Compact Equipment,Home Appliances,Built for durability.
790,Innovative Accessory,Furniture,Compact and versatile.
791,Innovative Appliance,Fitness,An essential for your home.
792,Innovative Equipment,Kitchen,Perfect for daily use.
793,High-Quality Machine,Health & Personal Care,Compact and versatile.
794,Durable Appliance,Accessories,Designed for modern lifestyles.
795,Premium Tool,Furniture,Efficient and reliable.
796,Stylish Machine,Fitness,Recommended by experts.
797,Compact Item,Electronics,Built for durability.
798,High-Quality Device,Electronics,Recommended by experts.
799,Innovative Appliance,Health & Personal Care,Efficient and reliable.
800,Durable Item,Home Appliances,An essential for your home.
801,Stylish Machine,Kitchen,Built for durability.
802,Stylish Machine,Kitchen,Efficient and reliable.
803,Reliable Device,Health & Personal Care,Compact and versatile.
804,High-Quality Appliance,Home Appliances,An essential for your home.
805,Durable Gadget,Sporting Goods,Top choice for enthusiasts.
806,Innovative Accessory,Kitchen,Top choice for enthusiasts.
807,Premium Item,Home Appliances,A blend of style and functionality.
808,Stylish Appliance,Electronics,Efficient and reliable.
809,Advanced Gadget,Home Appliances,Efficient and reliable.
810,Innovative Device,Electronics,Top choice for enthusiasts.
811,Compact Appliance,Fitness,Efficient and reliable.
812,Durable Accessory,Kitchen,Efficient and reliable.
813,Stylish Accessory,Electronics,An essential for your home.
814,Durable Item,Sporting Goods,A blend of style and functionality.
815,Advanced Tool,Accessories,Compact and versatile.
816,Premium Appliance,Electronics,Recommended by experts.
817,Reliable Device,Furniture,Designed for modern lifestyles.
818,High-Quality Equipment,Accessories,Compact and versatile.
819,Stylish Gadget,Accessories,Built for durability.
820,Durable Accessory,Fitness,Efficient and reliable.
821,Advanced Item,Electronics,An essential for your home.
822,Premium Tool,Fitness,Top choice for enthusiasts.
823,Durable Accessory,Home Appliances,Compact and versatile.
824,Advanced Appliance,Furniture,A blend of style and functionality.
825,Stylish Tool,Health & Personal Care,Compact and versatile.
826,Advanced Item,Home Appliances,A blend of style and functionality.
827,Premium Appliance,Sporting Goods,Built for durability.
828,Reliable Accessory,Furniture,An essential for your home.
829,Premium Appliance,Kitchen,Compact and versatile.
830,Premium Item,Kitchen,An essential for your home.
831,Reliable Gadget,Accessories,Efficient and reliable.
832,Premium Gadget,Furniture,An essential for your home.
833,Durable Accessory,Electronics,A blend of style and functionality.
834,Advanced Item,Home Appliances,Built for durability.
835,Innovative Equipment,Accessories,Recommended by experts.
836,Premium Machine,Accessories,An essential for your home.
837,Eco-Friendly Appliance,Home Appliances,Recommended by experts.
838,Reliable Item,Fitness,Built for durability.
839,Compact Item,Electronics,A blend of style and functionality.
840,Eco-Friendly Appliance,Home Appliances,Perfect for daily use.
841,Advanced Item,Sporting Goods,Top choice for enthusiasts.
842,Smart Device,Furniture,A blend of style and functionality.
843,Innovative Accessory,Health & Personal Care,Compact and versatile.
844,High-Quality Appliance,Furniture,Designed for modern lifestyles.
845,Advanced Tool,Accessories,An essential for your home.
846,Reliable Item,Health & Personal Care,Compact and versatile.
847,Smart Appliance,Fitness,Built for durability.
848,Eco-Friendly Gadget,Sporting Goods,An essential for your home.
849,Smart Device,Fitness,Recommended by experts.
850,Stylish Gadget,Home Appliances,Perfect for daily use.
851,Compact Device,Accessories,An essential for your home.
852,Reliable Appliance,Electronics,Efficient and reliable.
853,Durable Accessory,Home Appliances,A blend of style and functionality.
854,Reliable Gadget,Sporting Goods,Designed for modern lifestyles.
855,Smart Item,Electronics,A blend of style and functionality.
856,Durable Appliance,Sporting Goods,Perfect for daily use.
857,Smart Accessory,Furniture,Recommended by experts.
858,Reliable Tool,Electronics,A blend of style and functionality.
859,High-Quality Accessory,Fitness,A blend of style and functionality.
860,Reliable Gadget,Accessories,Efficient and reliable.
861,Reliable Accessory,Fitness,Built for durability.
862,Premium Accessory,Kitchen,Built for durability.
863,Innovative Machine,Electronics,Recommended by experts.
864,Durable Device,Health & Personal Care,Recommended by experts.
865,Advanced Machine,Accessories,An essential for your home.
866,High-Quality Appliance,Kitchen,Designed for modern lifestyles.
867,Premium Appliance,Sporting Goods,Top choice for enthusiasts.
868,High-Quality Item,Furniture,Perfect for daily use.
869,Advanced Appliance,Sporting Goods,Built for durability.
870,Innovative Device,Accessories,Designed for modern lifestyles.
871,Reliable Tool,Health & Personal Care,A blend of style and functionality.
872,Advanced Tool,Health & Personal Care,Built for durability.
873,Compact Device,Kitchen,Efficient and reliable.
874,Compact Item,Electronics,An essential for your home.
875,Innovative Device,Furniture,Recommended by experts.
876,Advanced Equipment,Fitness,A blend of style and functionality.
877,Reliable Tool,Sporting Goods,Built for durability.
878,Smart Appliance,Sporting Goods,A blend of style and functionality.
879,Stylish Accessory,Electronics,Built for durability.
880,Durable Equipment,Health & Personal Care,Built for durability.
881,Stylish Item,Fitness,Built for durability.
882,Durable Equipment,Accessories,Compact and versatile.
883,Reliable Device,Fitness,Efficient and reliable.
884,Compact Tool,Sporting Goods,Designed for modern lifestyles.
885,Eco-Friendly Tool,Home Appliances,Designed for modern lifestyles.
886,High-Quality Appliance,Kitchen,Compact and versatile.
887,Advanced Tool,Fitness,An essential for your home.
888,Reliable Accessory,Home Appliances,Top choice for enthusiasts.
889,Durable Device,Sporting Goods,Designed for modern lifestyles.
890,Advanced Appliance,Furniture,Compact and versatile.
891,Reliable Accessory,Fitness,An essential for your home.
892,Eco-Friendly Tool,Health & Personal Care,Perfect for daily use.
893,Advanced Accessory,Kitchen,Recommended by experts.
894,Premium Item,Electronics,Efficient and reliable.
895,High-Quality Equipment,Sporting Goods,Recommended by experts.
896,Smart Equipment,Fitness,Perfect for daily use.
897,Premium Equipment,Sporting Goods,An essential for your home.
898,Premium Gadget,Home Appliances,A blend of style and functionality.
899,Compact Item,Accessories,Compact and versatile.
900,Durable Accessory,Furniture,Top choice for enthusiasts.
901,High-Quality Accessory,Electronics,Top choice for enthusiasts.
902,Premium Accessory,Home Appliances,A blend of style and functionality.
903,High-Quality Equipment,Home Appliances,Designed for modern lifestyles.
904,Eco-Friendly Machine,Accessories,Compact and versatile.
905,Durable Tool,Home Appliances,Top choice for enthusiasts.
906,Innovative Device,Accessories,Compact and versatile.
907,Durable Device,Kitchen,Designed for modern lifestyles.
908,Reliable Machine,Kitchen,A blend of style and functionality.
909,High-Quality Tool,Kitchen,A blend of style and functionality.
910,Durable Equipment,Health & Personal Care,Perfect for daily use.
911,Smart Item,Furniture,A blend of style and functionality.
912,Innovative Item,Accessories,Perfect for daily use.
913,Eco-Friendly Machine,Sporting Goods,Perfect for daily use.
914,Stylish Accessory,Health & Personal Care,Perfect for daily use.
915,Innovative Item,Home Appliances,Recommended by experts.
916,Stylish Gadget,Electronics,Efficient and reliable.
917,Innovative Item,Sporting Goods,A blend of style and functionality.
918,Reliable Device,Furniture,Compact and versatile.
919,Reliable Gadget,Furniture,Designed for modern lifestyles.
920,Premium Item,Furniture,Efficient and reliable.
921,Advanced Accessory,Electronics,Efficient and reliable.
922,Smart Appliance,Kitchen,A blend of style and functionality.
923,Stylish Machine,Kitchen,Designed for modern lifestyles.
924,Premium Appliance,Kitchen,Efficient and reliable.
925,Innovative Item,Sporting Goods,An essential for your home.
926,Eco-Friendly Tool,Electronics,Compact and versatile.
927,Innovative Gadget,Fitness,A blend of style and functionality.
928,Innovative Accessory,Kitchen,A blend of style and functionality.
929,High-Quality Appliance,Home Appliances,An essential for your home.
930,Compact Tool,Fitness,Built for durability.
931,Innovative Accessory,Health & Personal Care,Built for durability.
932,High-Quality Item,Health & Personal Care,Compact and versatile.
933,Durable Item,Kitchen,An essential for your home.
934,Durable Tool,Home Appliances,A blend of style and functionality.
935,Advanced Tool,Fitness,An essential for your home.
936,High-Quality Item,Kitchen,Top choice for enthusiasts.
937,Advanced Accessory,Kitchen,Recommended by experts.
938,Stylish Gadget,Kitchen,Built for durability.
939,Smart Gadget,Fitness,Perfect for daily use.
940,Compact Tool,Electronics,An essential for your home.
941,Smart Tool,Accessories,An essential for your home.
942,High-Quality Equipment,Furniture,Recommended by experts.
943,Innovative Tool,Home Appliances,Built for durability.
944,Premium Gadget,Electronics,Top choice for enthusiasts.
945,Premium Machine,Accessories,A blend of style and functionality.
946,Durable Gadget,Home Appliances,Recommended by experts.
947,Compact Tool,Home Appliances,Built for durability.
948,Smart Gadget,Kitchen,Perfect for daily use.
949,Premium Device,Fitness,An essential for your home.
950,Reliable Appliance,Health & Personal Care,Efficient and reliable.
951,Premium Equipment,Fitness,An essential for your home.
952,Premium Item,Electronics,Designed for modern lifestyles.
953,Innovative Item,Home Appliances,A blend of style and functionality.
954,Advanced Appliance,Sporting Goods,Compact and versatile.
955,Reliable Accessory,Kitchen,Designed for modern lifestyles.
956,Reliable Accessory,Fitness,Recommended by experts.
957,Premium Appliance,Furniture,Compact and versatile.
958,Advanced Equipment,Accessories,A blend of style and functionality.
959,Stylish Gadget,Accessories,Recommended by experts.
960,Durable Item,Accessories,Compact and versatile.
961,Advanced Item,Fitness,A blend of style and functionality.
962,Premium Machine,Electronics,An essential for your home.
963,Smart Machine,Sporting Goods,Efficient and reliable.
964,Premium Tool,Electronics,An essential for your home.
965,Durable Equipment,Kitchen,Recommended by experts.
966,Advanced Equipment,Furniture,Designed for modern lifestyles.
967,High-Quality Device,Home Appliances,Built for durability.
968,Eco-Friendly Device,Sporting Goods,Efficient and reliable.
969,Smart Equipment,Fitness,Compact and versatile.
970,Reliable Appliance,Fitness,An essential for your home.
971,Advanced Accessory,Accessories,Top choice for enthusiasts.
972,High-Quality Appliance,Fitness,A blend of style and functionality.
973,Reliable Appliance,Home Appliances,Efficient and reliable.
974,Advanced Machine,Electronics,Recommended by experts.
975,Advanced Device,Accessories,Designed for modern lifestyles.
976,High-Quality Tool,Electronics,An essential for your home.
977,Advanced Gadget,Sporting Goods,Built for durability.
978,Advanced Appliance,Health & Personal Care,Top choice for enthusiasts.
979,Compact Accessory,Furniture,Designed for modern lifestyles.
980,High-Quality Appliance,Health & Personal Care,Designed for modern lifestyles.
981,Compact Item,Furniture,Top choice for enthusiasts.
982,High-Quality Tool,Health & Personal Care,A blend of style and functionality.
983,Innovative Machine,Kitchen,An essential for your home.
984,Premium Equipment,Accessories,Perfect for daily use.
985,Eco-Friendly Appliance,Health & Personal Care,Built for durability.
986,Eco-Friendly Tool,Health & Personal Care,Efficient and reliable.
987,Durable Device,Furniture,Perfect for daily use.
988,High-Quality Accessory,Sporting Goods,Designed for modern lifestyles.
989,Innovative Item,Accessories,Recommended by experts.
990,Compact Accessory,Fitness,A blend of style and functionality.
991,Eco-Friendly Device,Home Appliances,An essential for your home.
992,Durable Tool,Health & Personal Care,A blend of style and functionality.
993,Reliable Gadget,Accessories,Compact and versatile.
994,Innovative Item,Home Appliances,Perfect for daily use.
995,High-Quality Device,Home Appliances,Designed for modern lifestyles.
996,High-Quality Accessory,Sporting Goods,An essential for your home.
997,Premium Equipment,Fitness,An essential for your home.
998,Durable Gadget,Sporting Goods,Designed for modern lifestyles.
999,Compact Machine,Sporting Goods,Efficient and reliable.
1000,Reliable Tool,Health & Personal Care,Built for durability.
